date,composite_return__london_1600,composite_return__new_york_1600,composite_return__utc_0000,coinbase_return__london_1600,coinbase_return__new_york_1600,coinbase_return__utc_0000,bitstamp_return__london_1600,bitstamp_return__new_york_1600,bitstamp_return__utc_0000,venue_return_difference_bps__london_1600,venue_return_difference_bps__new_york_1600,venue_return_difference_bps__utc_0000,interval_hours__london_1600,interval_hours__new_york_1600,interval_hours__utc_0000,utc_vs_london_bps,utc_vs_new_york_bps,london_vs_new_york_bps,cutoff_return_dispersion_bps,subperiod,all_intervals_24h
2019-06-27,-0.0659792473,-0.2181468569,0.0996080240,-0.0648512010,-0.2180636413,0.0996901033,-0.0671059474,-0.2182301437,0.0995259131,22.5474633783,1.6650244324,1.6419020434,24.0000000000,24.0000000000,24.0000000000,1655.8727132372,3177.5488087718,1521.6760955345,3177.5488087718,2017-2020,True
2020-03-13,-0.1438124799,-0.0966841033,-0.3889622507,-0.1448898279,-0.0973293316,-0.3881242875,-0.1427335259,-0.0960383895,-0.3898005815,21.5630203075,12.9094213966,16.7629405504,24.0000000000,24.0000000000,24.0000000000,2451.4977085688,2922.7814737099,471.2837651411,2922.7814737099,2017-2020,True
2018-01-18,0.2654330034,0.0835854700,-0.0246114909,0.2680203249,0.0825168075,-0.0319792291,0.2628666969,0.0846559245,-0.0171249058,51.5362797676,21.3911697982,148.5432325039,24.0000000000,24.0000000000,24.0000000000,2900.4449434570,1081.9696090228,1818.4753344342,2900.4449434570,2017-2020,True
2019-06-28,-0.0168896443,0.1383620576,-0.1367592361,-0.0166160812,0.1378924750,-0.1367749531,-0.0171635414,0.1388321424,-0.1367435107,5.4746020722,9.3966740334,0.3144240283,24.0000000000,24.0000000000,24.0000000000,1198.6959180584,2751.2129373435,1552.5170192851,2751.2129373435,2017-2020,True
2021-05-24,0.1108993655,0.1976810546,-0.0735143151,0.1108416776,0.1977824400,-0.0725290800,0.1109570745,0.1975796779,-0.0744989272,1.1539690963,2.0276200356,19.6984724791,24.0000000000,24.0000000000,24.0000000000,1844.1368059188,2711.9536965212,867.8168906024,2711.9536965212,2021-2023,True
2017-12-08,-0.0442960422,-0.0431197117,0.2264780703,-0.0618915570,-0.0489696544,0.2342093683,-0.0252946798,-0.0369396610,0.2184820347,365.9687718967,120.2999341449,157.2733362693,24.0000000000,24.0000000000,24.0000000000,2707.7411240627,2695.9778195787,11.7633044839,2707.7411240627,2017-2020,True
2022-11-10,0.0254573574,0.1132105936,-0.1436995708,0.0247846926,0.1131892059,-0.1433021118,0.0261296545,0.1132319438,-0.1440970350,13.4496189419,0.4273798615,7.9492320905,24.0000000000,24.0000000000,24.0000000000,1691.5692816369,2569.1016437617,877.5323621248,2569.1016437617,2021-2023,True
2017-09-15,0.0225103384,0.0953234011,-0.1609279518,0.0311383459,0.0944820058,-0.1569052634,0.0138863721,0.0961655255,-0.1649402122,172.5197378875,16.8351968942,80.3494886891,24.0000000000,24.0000000000,24.0000000000,1834.3829019825,2562.5135290199,728.1306270374,2562.5135290199,2017-2020,True
2021-05-20,0.0994933231,0.0202324876,-0.1425641133,0.0959242858,0.0200017799,-0.1429259762,0.1030857459,0.0204633889,-0.1422024243,71.6146010402,4.6160897588,7.2355184470,24.0000000000,24.0000000000,24.0000000000,2420.5743645250,1627.9660094979,792.6083550271,2420.5743645250,2021-2023,True
2017-12-23,0.1405623651,0.0691050933,-0.1000819228,0.1658429818,0.0676986404,-0.0982454248,0.1153575712,0.0705464141,-0.1019371141,504.8541062244,28.4777368972,36.9168936434,24.0000000000,24.0000000000,24.0000000000,2406.4428782750,1691.8701606060,714.5727176690,2406.4428782750,2017-2020,True
2026-02-06,0.0186439563,0.0996760680,-0.1398101344,0.0189260752,0.0997167401,-0.1398257487,0.0183618335,0.0996354036,-0.1397945205,5.6424164244,0.8133649286,0.3122810270,24.0000000000,24.0000000000,24.0000000000,1584.5409072819,2394.8620237050,810.3211164231,2394.8620237050,2024-2026,True
2020-03-12,-0.2122479588,-0.2293168057,0.0058312105,-0.2116703894,-0.2291386568,0.0054935729,-0.2128255416,-0.2294950063,0.0061692231,11.5515220259,3.5634942796,6.7565023466,24.0000000000,24.0000000000,24.0000000000,2180.7916927567,2351.4801619350,170.6884691783,2351.4801619350,2017-2020,True
2018-01-21,-0.0784894660,-0.1268143567,0.1079259503,-0.0790392473,-0.1265142025,0.1099061744,-0.0779408723,-0.1271140634,0.1059548130,10.9837506686,5.9986086544,39.5136134897,24.0000000000,24.0000000000,24.0000000000,1864.1541629667,2347.4030697832,483.2489068165,2347.4030697832,2017-2020,True
2018-01-17,-0.2289912206,-0.0143994956,-0.1559246889,-0.2341586602,-0.0162740645,-0.1486379691,-0.2237964021,-0.0125146072,-0.1632022835,103.6225809745,37.5945730196,145.6431442890,24.0000000000,24.0000000000,24.0000000000,730.6653171106,1415.2519331305,2145.9172502411,2145.9172502411,2017-2020,True
2018-02-06,-0.0039954739,0.0556178007,-0.1576785984,-0.0054533061,0.0533782600,-0.1545952392,-0.0025359683,0.0578500855,-0.1607532658,29.1733776504,44.7182548852,61.5802660572,24.0000000000,24.0000000000,24.0000000000,1536.8312450283,2132.9639910829,596.1327460546,2132.9639910829,2017-2020,True
2021-05-21,-0.0864967586,-0.1026220150,0.1054525930,-0.0865101948,-0.1027984672,0.1059459459,-0.0864833221,-0.1024454946,0.1049598931,0.2687266460,3.5297261448,9.8605287237,24.0000000000,24.0000000000,24.0000000000,1919.4935159320,2080.7460797706,161.2525638386,2080.7460797706,2021-2023,True
2017-12-31,0.0356972065,0.0777370427,-0.1184934812,0.0239634193,0.0701314199,-0.1184383164,0.0477745990,0.0854830769,-0.1185495119,238.1117968303,153.5165698350,1.1119547430,24.0000000000,24.0000000000,24.0000000000,1541.9068769699,1962.3052392582,420.3983622883,1962.3052392582,2017-2020,True
2017-12-27,-0.0301443528,-0.0685263766,0.1236345068,-0.0306586599,-0.0707172494,0.1142324502,-0.0296281870,-0.0663204254,0.1332127597,10.3047295755,43.9682402394,189.8030948804,24.0000000000,24.0000000000,24.0000000000,1537.7885965766,1921.6088337815,383.8202372049,1921.6088337815,2017-2020,True
2018-01-16,-0.1227233435,-0.1943606259,-0.0039254005,-0.1188397771,-0.1912663024,-0.0048498012,-0.1265931338,-0.1974482007,-0.0030004418,77.5335669941,61.8189828637,18.4935932973,24.0000000000,24.0000000000,24.0000000000,1187.9794299598,1904.3522536727,716.3728237129,1904.3522536727,2017-2020,True
2022-11-11,-0.0400539865,-0.0826797699,0.1050059555,-0.0390328176,-0.0817295172,0.1045767797,-0.0410732597,-0.0836283186,0.1054355357,20.4044209158,18.9880138564,8.5875597559,24.0000000000,24.0000000000,24.0000000000,1450.5994203799,1876.8572535874,426.2578332075,1876.8572535874,2021-2023,True
2022-06-19,0.0211830134,0.1141842729,-0.0729512118,0.0211868056,0.1152093187,-0.0733069377,0.0211792217,0.1131604290,-0.0725953612,0.0758388816,20.4888973264,7.1157652750,24.0000000000,24.0000000000,24.0000000000,941.3422515171,1871.3548469363,930.0125954192,1871.3548469363,2021-2023,True
2025-03-03,0.0292717228,-0.0885950796,0.0958241869,0.0291565701,-0.0886147632,0.0958711797,0.0293868680,-0.0885753956,0.0957772018,2.3029788707,0.3936756503,0.9397795729,24.0000000000,24.0000000000,24.0000000000,665.5246403045,1844.1926644423,1178.6680241378,1844.1926644423,2024-2026,True
2021-01-22,0.0369426227,0.0518144533,-0.1313502817,0.0366049155,0.0520262892,-0.1308939588,0.0372805751,0.0516025925,-0.1318066840,6.7565962791,4.2369673996,9.1272521088,24.0000000000,24.0000000000,24.0000000000,1682.9290442655,1831.6473498088,148.7183055434,1831.6473498088,2021-2023,True
2021-05-25,0.0003115292,-0.0577152018,0.1188066703,0.0000596722,-0.0580203986,0.1185284132,0.0005634514,-0.0574099795,0.1190853432,5.0377923626,6.1041908262,5.5693004385,24.0000000000,24.0000000000,24.0000000000,1184.9514108498,1765.2187206481,580.2673097983,1765.2187206481,2021-2023,True
2017-12-24,-0.1010598472,-0.1238684914,0.0522505737,-0.1019483158,-0.1193668965,0.0608927017,-0.1001339483,-0.1284694152,0.0434845918,18.1436743645,91.0251873617,174.0810985408,24.0000000000,24.0000000000,24.0000000000,1533.1042085196,1761.1906510022,228.0864424827,1761.1906510022,2017-2020,True
2018-02-04,-0.0903729066,-0.1257354102,0.0476281249,-0.0899848074,-0.1254721320,0.0514912057,-0.0907612963,-0.1259989908,0.0437874696,7.7648891280,5.2685880270,77.0373610138,24.0000000000,24.0000000000,24.0000000000,1380.0103157532,1733.6353513776,353.6250356244,1733.6353513776,2017-2020,True
2019-07-16,-0.0127098847,-0.1074305955,0.0651507344,-0.0120705875,-0.1073228927,0.0657278378,-0.0133483067,-0.1075382372,0.0645740183,12.7771919822,2.1534449185,11.5381950620,24.0000000000,24.0000000000,24.0000000000,778.6061910275,1725.8132987443,947.2071077168,1725.8132987443,2017-2020,True
2020-03-14,0.0141759305,-0.0102179793,0.1610070143,0.0149772748,-0.0091415863,0.1606925943,0.0133754104,-0.0112936439,0.1613224363,16.0186438403,21.5205758245,6.2984192040,24.0000000000,24.0000000000,24.0000000000,1468.3108374299,1712.2499356939,243.9390982641,1712.2499356939,2017-2020,True
2024-03-05,0.0041246072,-0.0835081376,0.0825252547,0.0037558423,-0.0847217047,0.0824272352,0.0044933351,-0.0822943012,0.0826232935,7.3749284057,24.2740344663,1.9605834733,24.0000000000,24.0000000000,24.0000000000,784.0064749025,1660.3339222658,876.3274473633,1660.3339222658,2024-2026,True
2021-02-08,0.1537612751,0.1472503508,-0.0104105120,0.1536152700,0.1477868301,-0.0100345266,0.1539072240,0.1467140310,-0.0107863378,2.9195391856,10.7279905011,7.5181124335,24.0000000000,24.0000000000,24.0000000000,1641.7178709076,1576.6086276266,65.1092432810,1641.7178709076,2021-2023,True
2022-03-10,-0.0784623292,-0.0527312292,0.0827188305,-0.0786433207,-0.0529606860,0.0827004200,-0.0782812671,-0.0525015637,0.0827372389,3.6205359384,4.5912230319,0.3681896303,24.0000000000,24.0000000000,24.0000000000,1611.8115964319,1354.5005967866,257.3109996453,1611.8115964319,2021-2023,True
2019-10-25,0.0268352761,0.1542384259,-0.0053360115,0.0276022578,0.1543586244,-0.0058837301,0.0260686697,0.1541181909,-0.0047879937,15.3358809706,2.4043345251,10.9573636736,24.0000000000,24.0000000000,24.0000000000,321.7128762254,1595.7443734333,1274.0314972079,1595.7443734333,2017-2020,True
2019-05-13,0.0797292607,0.1260728456,-0.0334762028,0.0805448053,0.1243785554,-0.0332675434,0.0789142094,0.1277707669,-0.0336849339,16.3059581559,33.9221150702,4.1739051325,24.0000000000,24.0000000000,24.0000000000,1132.0546351018,1595.4904841397,463.4358490379,1595.4904841397,2017-2020,True
2018-03-12,0.0107124839,-0.0737832138,0.0842677878,0.0111723349,-0.0741249491,0.0839571414,0.0102538462,-0.0734411867,0.0845785745,9.1848876499,6.8376240889,6.2143303128,24.0000000000,24.0000000000,24.0000000000,735.5530391683,1580.5100158050,844.9569766367,1580.5100158050,2017-2020,True
2021-03-01,0.1358447022,0.0809783205,-0.0196988365,0.1361496712,0.0811620454,-0.0205496879,0.1355398058,0.0807945750,-0.0188466792,6.0986542218,3.6747040176,17.0300873231,24.0000000000,24.0000000000,24.0000000000,1555.4353867637,1006.7715701755,548.6638165882,1555.4353867637,2021-2023,True
2021-01-11,-0.2070433360,-0.1148553437,-0.0515698262,-0.2068837889,-0.1150868582,-0.0518130442,-0.2072028153,-0.1146237957,-0.0513264972,3.1902640142,4.6306243732,4.8654701124,24.0000000000,24.0000000000,24.0000000000,1554.7350974489,632.8551744465,921.8799230024,1554.7350974489,2021-2023,True
2017-09-16,-0.0062328617,0.0074644403,0.1484735705,0.0056993235,0.0119579840,0.1506337682,-0.0183623975,0.0029739111,0.1462982412,240.6172099822,89.8407293292,43.3552694013,24.0000000000,24.0000000000,24.0000000000,1547.0643222554,1410.0913021981,136.9730200573,1547.0643222554,2017-2020,True
2017-11-13,0.0736577258,0.0794008403,-0.0744073885,0.0735578102,0.0810302521,-0.0725337577,0.0737573892,0.0777714286,-0.0762785340,1.9957897770,32.5882352941,37.4477633386,24.0000000000,24.0000000000,24.0000000000,1480.6511431605,1538.0822887779,57.4311456173,1538.0822887779,2017-2020,True
2019-06-26,0.1313659470,0.2180905190,0.0654787995,0.1301363612,0.2185308979,0.0655537548,0.1325967390,0.2176500817,0.0654038259,24.6037780732,8.8081622249,1.4992890964,24.0000000000,24.0000000000,24.0000000000,658.8714751050,1526.1171955429,867.2457204380,1526.1171955429,2017-2020,True
2020-03-19,0.1079924411,0.1664971830,0.0153762422,0.1088179130,0.1659856672,0.0153665522,0.1071671653,0.1670087752,0.0153859444,16.5074770933,10.2310794062,0.1939219243,24.0000000000,24.0000000000,24.0000000000,926.1619896061,1511.2094078014,585.0474181952,1511.2094078014,2017-2020,True
2020-03-20,0.1191070139,-0.0075958252,0.1429574809,0.1191050088,-0.0067746072,0.1427172845,0.1191090214,-0.0084164459,0.1431979759,0.0401260661,16.4183862388,4.8069143834,24.0000000000,24.0000000000,24.0000000000,238.5046708340,1505.5330612433,1267.0283904093,1505.5330612433,2017-2020,True
2019-10-26,0.1945686154,0.0441074694,0.1658019342,0.1934823809,0.0437970984,0.1664852164,0.1956559412,0.0444179992,0.1651190316,21.7356028542,6.2090078995,13.6618479405,24.0000000000,24.0000000000,24.0000000000,287.6668118185,1216.9446484051,1504.6114602236,1504.6114602236,2017-2020,True
2017-12-26,0.1286832803,0.1396271707,-0.0104493300,0.1158769827,0.1284108248,-0.0035128822,0.1418348424,0.1511482758,-0.0174171680,259.5785977411,227.3745095207,139.0428576920,24.0000000000,24.0000000000,24.0000000000,1391.3261032842,1500.7650065667,109.4389032825,1500.7650065667,2017-2020,True
2024-03-06,-0.0045785232,0.0823554357,-0.0667233571,-0.0040999463,0.0836625786,-0.0666961770,-0.0050567009,0.0810514610,-0.0667505376,9.5675454044,26.1111762370,0.5436056177,24.0000000000,24.0000000000,24.0000000000,621.4483387309,1490.7879276492,869.3395889183,1490.7879276492,2024-2026,True
2020-03-17,0.0439641797,0.0904938267,-0.0578127587,0.0447410754,0.0910312117,-0.0575715341,0.0431871378,0.0899567779,-0.0580540605,15.5393756708,10.7443373383,4.8252639088,24.0000000000,24.0000000000,24.0000000000,1017.7693844280,1483.0658539773,465.2964695493,1483.0658539773,2017-2020,True
2018-12-28,0.0224158737,0.0898957175,-0.0575218277,0.0222756200,0.0910576875,-0.0577419761,0.0225561097,0.0887357925,-0.0573016869,2.8048962221,23.2189498862,4.4028925302,24.0000000000,24.0000000000,24.0000000000,799.3770139939,1474.1754519318,674.7984379379,1474.1754519318,2017-2020,True
2019-05-20,-0.0178814276,-0.0177432973,0.1292805932,-0.0182625133,-0.0182500264,0.1291033267,-0.0175000000,-0.0172357859,0.1294579153,7.6251327327,10.1424051337,3.5458857222,24.0000000000,24.0000000000,24.0000000000,1471.6202072600,1470.2389051483,1.3813021117,1471.6202072600,2017-2020,True
2018-11-29,0.0057020138,-0.0279832490,0.1191596619,0.0035673310,-0.0294580824,0.1192132450,0.0078453821,-0.0265047038,0.1191060220,42.7805107221,29.5337865004,1.0722303900,24.0000000000,24.0000000000,24.0000000000,1134.5764808186,1471.4291086743,336.8526278557,1471.4291086743,2017-2020,True
2021-01-15,-0.1000299381,-0.0942559775,0.0464296340,-0.1009710531,-0.0939486825,0.0463041061,-0.0990881356,-0.0945632129,0.0465551624,18.8291749545,6.1453045463,2.5105631216,24.0000000000,24.0000000000,24.0000000000,1464.5957210247,1406.8561147723,57.7396062524,1464.5957210247,2021-2023,True
2021-01-12,0.0742181758,0.0263536343,-0.0712176126,0.0740961199,0.0266525290,-0.0712304996,0.0743402292,0.0260548528,-0.0712047264,2.4410924828,5.9767619866,0.2577316597,24.0000000000,24.0000000000,24.0000000000,1454.3578846007,975.7124688359,478.6454157649,1454.3578846007,2021-2023,True
